ts_code,trade_date,open,high,low,close,pre_close,change,pct_chg,vol,amount
688256.SH,20250929,1320.0,1338.98,1271.0,1323.5,1339.0,-15.5,-1.1576,90298.05,11815948.745
688256.SH,20250930,1388.0,1399.0,1318.23,1325.0,1323.5,1.5,0.1133,86539.81,11699849.21
688256.SH,20251009,1360.5,1405.93,1332.0,1332.79,1325.0,7.79,0.5879,118338.23,16137619.926
688256.SH,20251010,1302.0,1304.31,1240.99,1247.08,1332.79,-85.71,-6.4309,108213.0,13767648.794
688256.SH,20251013,1210.0,1278.0,1210.0,1262.11,1247.08,15.03,1.2052,87752.78,11019557.222
688256.SH,20251014,1271.99,1271.99,1190.0,1196.0,1262.11,-66.11,-5.2381,105876.0,12861254.895
688256.SH,20251015,1208.0,1246.98,1190.0,1242.0,1196.0,46.0,3.8462,70806.98,8637499.885
688256.SH,20251016,1260.0,1307.96,1260.0,1274.0,1242.0,32.0,2.5765,96667.9,12409422.159
688256.SH,20251017,1254.95,1289.28,1218.23,1247.68,1274.0,-26.32,-2.0659,84813.74,10607162.139
688256.SH,20251020,1273.11,1333.96,1241.5,1281.12,1247.68,33.44,2.6802,128071.07,16518765.341
688256.SH,20251021,1281.12,1378.0,1245.0,1368.96,1281.12,87.84,6.8565,146125.63,19240518.795
688256.SH,20251022,1341.0,1468.0,1339.0,1429.5,1368.96,60.54,4.4223,141335.62,19814513.226
688256.SH,20251023,1409.0,1417.0,1365.0,1398.9,1429.5,-30.6,-2.1406,79242.08,11008098.775
688256.SH,20251024,1425.0,1548.0,1404.0,1525.0,1398.9,126.1,9.0142,159565.6,23402505.412
688256.SH,20251027,1560.0,1560.01,1493.0,1530.68,1525.0,5.68,0.3725,122356.06,18757215.645
688256.SH,20251028,1505.0,1533.79,1457.0,1478.58,1530.68,-52.1,-3.4037,104310.9,15591302.965
688256.SH,20251029,1460.0,1530.88,1433.0,1461.0,1478.58,-17.58,-1.189,101228.54,14915634.309
688256.SH,20251030,1440.0,1499.96,1400.01,1422.0,1461.0,-39.0,-2.6694,117364.77,16889724.409
688256.SH,20251031,1407.96,1414.0,1375.0,1375.0,1422.0,-47.0,-3.3052,85167.38,11831070.79
688256.SH,20251103,1335.0,1360.66,1335.0,1346.6,1375.0,-28.4,-2.0655,63788.88,8590648.848
688256.SH,20251104,1370.0,1390.85,1326.0,1339.6,1346.6,-7.0,-0.5198,71501.62,9736393.898
688256.SH,20251105,1295.0,1365.0,1291.11,1348.0,1339.6,8.4,0.6271,67698.87,9005687.036
688256.SH,20251106,1386.0,1480.88,1371.23,1480.0,1348.0,132.0,9.7923,134785.95,19250016.672
688256.SH,20251107,1455.55,1468.88,1430.08,1432.5,1480.0,-47.5,-3.2095,66444.28,9618929.569
688256.SH,20251110,1430.03,1450.0,1337.01,1391.5,1432.5,-41.0,-2.8621,89348.59,12282433.932
688256.SH,20251111,1398.0,1403.0,1299.11,1330.0,1391.5,-61.5,-4.4197,90176.81,12109374.239
688256.SH,20251112,1312.0,1375.0,1308.0,1365.78,1330.0,35.78,2.6902,67212.32,9031583.735
688256.SH,20251113,1352.0,1387.0,1329.0,1384.9,1365.78,19.12,1.3999,61507.83,8363426.246
688256.SH,20251114,1350.0,1365.13,1324.3,1325.01,1384.9,-59.89,-4.3245,62737.92,8403397.057
688256.SH,20251117,1316.95,1342.01,1283.38,1303.1,1325.01,-21.91,-1.6536,67492.79,8840817.365
688256.SH,20251118,1305.95,1344.44,1290.99,1326.7,1303.1,23.6,1.8111,60034.36,7979099.417
688256.SH,20251119,1320.0,1350.0,1320.0,1332.0,1326.7,5.3,0.3995,42413.04,5664290.197
688256.SH,20251120,1361.01,1365.58,1320.0,1322.3,1332.0,-9.7,-0.7282,38874.85,5185546.03
688256.SH,20251121,1290.3,1298.0,1240.01,1249.0,1322.3,-73.3,-5.5434,72573.06,9176505.152
688256.SH,20251124,1252.88,1275.58,1218.0,1261.98,1249.0,12.98,1.0392,59214.22,7394380.933
688256.SH,20251125,1268.0,1285.35,1244.0,1260.0,1261.98,-1.98,-0.1569,58771.03,7414400.485
688256.SH,20251126,1245.0,1340.16,1234.01,1314.66,1260.0,54.66,4.3381,91472.9,11889049.61
688256.SH,20251127,1360.0,1388.2,1313.0,1317.36,1314.66,2.7,0.2054,89364.17,12117075.987
688256.SH,20251128,1310.0,1347.0,1291.0,1331.0,1317.36,13.64,1.0354,58546.39,7708418.732
688256.SH,20251201,1327.94,1382.0,1292.2,1362.44,1331.0,31.44,2.3621,73684.03,9888480.775
688256.SH,20251202,1370.0,1377.0,1322.44,1328.73,1362.44,-33.71,-2.4742,46406.31,6242939.888
688256.SH,20251203,1333.0,1360.0,1320.1,1332.3,1328.73,3.57,0.2687,44919.65,6005556.71
688256.SH,20251204,1321.21,1369.3,1292.5,1369.0,1332.3,36.7,2.7546,70527.31,9414092.024
688256.SH,20251205,1339.5,1396.32,1322.0,1355.0,1369.0,-14.0,-1.0226,88022.66,11982010.116
688256.SH,20251208,1335.0,1441.8,1333.02,1417.8,1355.0,62.8,4.6347,98744.31,13837959.654
688256.SH,20251209,1375.0,1457.57,1368.0,1436.0,1417.8,18.2,1.2837,90594.17,12892588.911
688256.SH,20251210,1436.0,1451.69,1371.0,1420.88,1436.0,-15.12,-1.0529,62966.51,8864636.275
688256.SH,20251211,1410.0,1417.0,1376.0,1382.02,1420.88,-38.86,-2.7349,62072.59,8619204.1
688256.SH,20251212,1382.02,1408.0,1329.8,1344.0,1382.02,-38.02,-2.751,91731.13,12503100.255
688256.SH,20251215,1316.01,1377.79,1316.01,1331.9,1344.0,-12.1,-0.9003,64108.76,8667825.206
688256.SH,20251216,1319.1,1332.0,1262.69,1273.92,1331.9,-57.98,-4.3532,73946.27,9503366.29
688256.SH,20251217,1270.11,1320.0,1263.5,1315.6,1273.92,41.68,3.2718,63136.57,8165521.986
688256.SH,20251218,1300.0,1309.77,1280.02,1287.0,1315.6,-28.6,-2.1739,38865.62,5022391.299
688256.SH,20251219,1300.0,1301.0,1264.0,1268.0,1287.0,-19.0,-1.4763,43265.54,5527000.531
688256.SH,20251222,1275.01,1297.65,1258.0,1284.77,1268.0,16.77,1.3226,64766.94,8285582.166
688256.SH,20251223,1278.2,1350.0,1275.1,1336.02,1284.77,51.25,3.989,91435.03,12143932.52
688256.SH,20251224,1335.0,1345.0,1300.99,1326.2,1336.02,-9.82,-0.735,59286.62,7830827.375
688256.SH,20251225,1315.0,1333.99,1310.0,1319.41,1326.2,-6.79,-0.512,40510.27,5343991.086
688256.SH,20251226,1302.0,1334.15,1290.1,1303.89,1319.41,-15.52,-1.1763,47847.97,6276085.535
688256.SH,20251229,1309.97,1398.0,1308.0,1358.5,1303.89,54.61,4.1882,98352.62,13413872.87
688256.SH,20251230,1358.88,1439.0,1358.88,1415.8,1358.5,57.3,4.2179,91353.67,12869406.686
688256.SH,20251231,1426.0,1432.0,1348.16,1355.55,1415.8,-60.25,-4.2555,70267.42,9747441.408
688256.SH,20260105,1375.0,1403.48,1346.78,1390.0,1355.55,34.45,2.5414,65515.02,9038942.469
688256.SH,20260106,1380.0,1430.0,1363.06,1383.1,1390.0,-6.9,-0.4964,69600.13,9668802.273
688256.SH,20260107,1370.0,1399.93,1356.88,1394.88,1383.1,11.78,0.8517,68366.43,9416481.263
688256.SH,20260108,1409.0,1486.0,1401.0,1444.0,1394.88,49.12,3.5214,149220.62,21582860.951
688256.SH,20260109,1419.99,1512.0,1391.0,1491.0,1444.0,47.0,3.2548,102204.98,14899518.827
688256.SH,20260112,1534.44,1550.0,1463.0,1509.99,1491.0,18.99,1.2736,94844.44,14379497.916
688256.SH,20260113,1485.0,1520.0,1399.99,1408.09,1509.99,-101.9,-6.7484,100029.88,14468557.793
688256.SH,20260114,1420.0,1449.98,1388.09,1439.12,1408.09,31.03,2.2037,89478.25,12769174.184
688256.SH,20260115,1421.0,1444.0,1392.45,1415.0,1439.12,-24.12,-1.676,57838.7,8160415.979
688256.SH,20260116,1420.0,1445.0,1408.03,1424.05,1415.0,9.05,0.6396,72255.59,10308466.086
688256.SH,20260119,1422.0,1458.58,1408.0,1419.66,1424.05,-4.39,-0.3083,69119.05,9918274.016
688256.SH,20260120,1417.0,1425.0,1331.02,1343.04,1419.66,-76.62,-5.3971,87374.01,11952219.696
688256.SH,20260121,1335.35,1388.0,1334.92,1353.87,1343.04,10.83,0.8064,75750.12,10345072.403
688256.SH,20260122,1344.0,1368.0,1333.0,1353.0,1353.87,-0.87,-0.0643,59350.32,8030782.537
688256.SH,20260123,1337.0,1353.0,1320.0,1334.99,1353.0,-18.01,-1.3311,63511.27,8480917.29
688256.SH,20260126,1325.0,1329.92,1296.0,1300.0,1334.99,-34.99,-2.621,67870.46,8871288.504
688256.SH,20260127,1300.0,1317.88,1276.55,1300.89,1300.0,0.89,0.0685,63383.8,8235075.32
688256.SH,20260128,1309.88,1310.0,1279.0,1282.78,1300.89,-18.11,-1.3921,69812.86,9013149.13
688256.SH,20260129,1282.12,1292.12,1250.01,1252.01,1282.78,-30.77,-2.3987,71581.57,9051850.983
688256.SH,20260130,1252.0,1277.87,1240.1,1258.89,1252.01,6.88,0.5495,63495.43,8018391.889
688256.SH,20260202,1249.0,1273.6,1233.0,1242.0,1258.89,-16.89,-1.3417,66690.29,8357731.143
688256.SH,20260203,1255.0,1257.78,1063.0,1128.0,1242.0,-114.0,-9.1787,226144.55,25622515.727
688256.SH,20260204,1100.0,1108.6,1063.97,1068.0,1128.0,-60.0,-5.3191,117351.29,12657885.6
688256.SH,20260205,1050.01,1072.98,1037.04,1058.33,1068.0,-9.67,-0.9054,79421.15,8357564.076
688256.SH,20260206,1042.55,1062.68,1015.56,1036.99,1058.33,-21.34,-2.0164,79813.48,8272185.155
688256.SH,20260209,1060.0,1105.94,1056.0,1086.8,1036.99,49.81,4.8033,96536.39,10462460.032
688256.SH,20260210,1105.0,1148.0,1091.58,1100.9,1086.8,14.1,1.2974,96601.2,10796371.349
688256.SH,20260211,1088.88,1103.0,1073.0,1078.9,1100.9,-22.0,-1.9984,55273.11,5983828.108
688256.SH,20260212,1079.98,1120.0,1061.33,1112.5,1078.9,33.6,3.1143,86857.14,9502364.159
688256.SH,20260213,1100.0,1143.0,1093.11,1120.68,1112.5,8.18,0.7353,70569.45,7918250.312
688256.SH,20260224,1136.26,1142.0,1070.2,1071.55,1120.68,-49.13,-4.3839,81877.09,8894584.851
688256.SH,20260225,1079.99,1109.0,1074.0,1082.65,1071.55,11.1,1.0359,57606.23,6266293.048
688256.SH,20260226,1095.15,1188.88,1068.74,1168.8,1082.65,86.15,7.9573,140838.47,16034677.283
688256.SH,20260227,1145.02,1212.12,1141.33,1178.0,1168.8,9.2,0.7871,121511.65,14322223.946
688256.SH,20260302,1150.0,1208.55,1143.06,1191.9,1178.0,13.9,1.18,88219.75,10389211.104
688256.SH,20260303,1197.0,1198.88,1129.99,1133.05,1191.9,-58.85,-4.9375,75371.16,8732618.337
688256.SH,20260304,1122.0,1158.01,1110.0,1117.08,1133.05,-15.97,-1.4095,58986.95,6656512.148
688256.SH,20260305,1148.68,1196.02,1122.02,1168.0,1117.08,50.92,4.5583,85399.45,9922297.387
688256.SH,20260306,1160.0,1173.34,1148.06,1154.88,1168.0,-13.12,-1.1233,45234.67,5238659.046
688256.SH,20260309,1120.0,1133.75,1092.99,1125.99,1154.88,-28.89,-2.5016,60258.4,6690959.588
688256.SH,20260310,1148.98,1160.0,1135.01,1147.1,1125.99,21.11,1.8748,50202.93,5750878.845
688256.SH,20260311,1155.0,1159.0,1093.35,1099.0,1147.1,-48.1,-4.1932,76210.59,8594431.103
688256.SH,20260312,1099.0,1121.2,1077.86,1099.0,1099.0,0.0,0.0,62625.27,6863561.917
688256.SH,20260313,1111.11,1127.05,1084.97,1096.1,1099.0,-2.9,-0.2639,92906.21,10301354.225
688256.SH,20260316,1088.06,1093.11,1046.96,1089.97,1096.1,-6.13,-0.5593,66956.72,7211654.65
688256.SH,20260317,1089.87,1119.99,1071.01,1079.99,1089.97,-9.98,-0.9156,55320.89,6045178.216
688256.SH,20260318,1083.24,1088.0,1048.16,1066.0,1079.99,-13.99,-1.2954,68393.17,7258997.345
688256.SH,20260319,1045.01,1052.78,1032.18,1037.02,1066.0,-28.98,-2.7186,48852.75,5089266.821
688256.SH,20260320,1039.19,1065.65,1001.01,1025.0,1037.02,-12.02,-1.1591,101951.62,10508394.228
688256.SH,20260323,1002.5,1020.5,968.0,971.3,1025.0,-53.7,-5.239,81515.2,8094829.806
688256.SH,20260324,985.0,1037.8,970.02,1028.5,971.3,57.2,5.889,90596.06,9111327.946
688256.SH,20260325,1030.0,1061.9,1022.95,1039.0,1028.5,10.5,1.0209,89713.88,9359463.115
688256.SH,20260326,1040.0,1068.68,1018.18,1024.9,1039.0,-14.1,-1.3571,49947.24,5183511.265
688256.SH,20260327,1005.0,1038.05,1005.0,1024.0,1024.9,-0.9,-0.0878,50422.57,5154200.457
688256.SH,20260330,1004.57,1015.0,994.94,1009.45,1024.0,-14.55,-1.4209,52269.18,5249779.442
688256.SH,20260331,1001.06,1019.98,983.0,983.0,1009.45,-26.45,-2.6202,50753.76,5072933.425
688256.SH,20260401,1008.0,1064.0,1008.0,1051.4,983.0,68.4,6.9583,100009.13,10410610.082
688256.SH,20260402,1045.01,1053.46,996.86,998.99,1051.4,-52.41,-4.9848,70914.66,7184207.986
688256.SH,20260403,1010.0,1040.0,999.0,1025.7,998.99,26.71,2.6737,62244.72,6355115.333
688256.SH,20260407,1023.0,1146.0,1021.01,1119.0,1025.7,93.3,9.0962,140829.0,15532637.045
688256.SH,20260408,1159.1,1168.98,1138.0,1164.0,1119.0,45.0,4.0214,104832.54,12135960.241
688256.SH,20260409,1160.0,1222.22,1151.0,1198.0,1164.0,34.0,2.921,97508.72,11687631.029
688256.SH,20260410,1205.0,1222.22,1188.9,1210.7,1198.0,12.7,1.0601,90036.52,10839608.534
688256.SH,20260413,1202.01,1252.6,1201.92,1219.62,1210.7,8.92,0.7368,78791.42,9684560.234
688256.SH,20260414,1224.99,1248.8,1206.09,1241.98,1219.62,22.36,1.8334,77031.7,9413266.659
688256.SH,20260415,1242.0,1327.21,1239.08,1274.0,1241.98,32.02,2.5781,124298.88,16061962.461
688256.SH,20260416,1280.0,1315.0,1272.02,1307.0,1274.0,33.0,2.5903,77964.84,10107382.521
688256.SH,20260417,1299.87,1349.47,1290.0,1334.0,1307.0,27.0,2.0658,72105.2,9612455.944
688256.SH,20260420,1341.0,1378.2,1326.16,1378.2,1334.0,44.2,3.3133,75195.83,10224177.313
688256.SH,20260421,1361.0,1368.12,1308.0,1330.0,1378.2,-48.2,-3.4973,81790.94,10897674.222
688256.SH,20260422,1317.99,1339.98,1308.08,1337.0,1330.0,7.0,0.5263,68082.09,9042046.567
688256.SH,20260423,1335.96,1359.92,1296.0,1323.0,1337.0,-14.0,-1.0471,77187.89,10258176.454
688256.SH,20260424,1319.64,1409.58,1281.58,1352.5,1323.0,29.5,2.2298,124071.44,16760993.798
688256.SH,20260427,1350.05,1386.0,1341.28,1356.72,1352.5,4.22,0.312,70932.04,9653255.998
688256.SH,20260428,1353.78,1418.88,1353.78,1374.5,1356.72,17.78,1.3105,74535.38,10382787.206
688256.SH,20260429,1366.0,1420.0,1346.87,1416.63,1374.5,42.13,3.0651,90860.07,12679634.307
688256.SH,20260430,1475.0,1699.96,1475.0,1699.96,1416.63,283.33,20.0003,178842.65,28465682.091
688256.SH,20260506,1784.78,1966.0,1770.99,1825.0,1699.96,125.04,7.3555,197805.25,36853365.889
688256.SH,20260507,1824.94,1885.53,1792.8,1868.0,1825.0,43.0,2.3562,109982.7,20370937.034
688256.SH,20260508,1217.03,1220.0,1158.01,1182.53,1252.68,-70.15,-5.6,191024.42,22579188.932
688256.SH,20260511,1201.0,1205.99,1158.03,1200.0,1182.53,17.47,1.4773,231721.74,27508753.618
688256.SH,20260512,1199.99,1293.33,1189.81,1277.87,1200.0,77.87,6.4892,209580.58,26179370.124
688256.SH,20260513,1239.0,1316.88,1236.0,1316.88,1277.87,39.01,3.0527,158777.71,20435334.731
688256.SH,20260514,1320.0,1350.0,1232.32,1260.58,1316.88,-56.3,-4.2753,181138.64,23168939.11
688256.SH,20260515,1234.88,1276.89,1195.88,1209.0,1260.58,-51.58,-4.0918,161749.97,19897266.825
688256.SH,20260518,1200.0,1260.0,1183.04,1216.99,1209.0,7.99,0.6609,125056.36,15362333.167
688256.SH,20260519,1216.89,1326.0,1175.0,1319.2,1216.99,102.21,8.3986,186351.94,23213525.76
688256.SH,20260520,1300.0,1396.0,1291.99,1362.41,1319.2,43.21,3.2755,183742.65,25016102.648
688256.SH,20260521,1370.04,1386.0,1285.0,1290.9,1362.41,-71.51,-5.2488,153395.09,20529652.609
688256.SH,20260522,1300.5,1319.99,1270.43,1286.0,1290.9,-4.9,-0.3796,112239.94,14472861.259
688256.SH,20260525,1321.01,1435.0,1321.01,1406.5,1286.0,120.5,9.3701,173383.98,24028347.135
688256.SH,20260526,1383.01,1448.01,1375.0,1410.96,1406.5,4.46,0.3171,153974.69,21675499.047
688256.SH,20260527,1385.0,1412.99,1334.0,1340.0,1410.96,-70.96,-5.0292,138029.49,18926941.351
688256.SH,20260528,1361.0,1404.99,1349.01,1391.5,1340.0,51.5,3.8433,126717.12,17472983.177
688256.SH,20260529,1400.0,1414.0,1295.0,1310.0,1391.5,-81.5,-5.857,145029.89,19414820.75
688256.SH,20260601,1326.0,1326.0,1238.0,1238.0,1310.0,-72.0,-5.4962,134896.09,17200897.814
688256.SH,20260602,1246.0,1319.58,1245.0,1300.0,1238.0,62.0,5.0081,124338.95,16088931.664
688256.SH,20260603,1292.3,1428.01,1291.0,1378.1,1300.0,78.1,6.0077,165598.05,22683725.029
688256.SH,20260604,1365.0,1400.0,1347.0,1358.9,1378.1,-19.2,-1.3932,88415.6,12121114.904
688256.SH,20260605,1342.0,1407.77,1287.34,1299.2,1358.9,-59.7,-4.3933,116354.51,15620599.199
688256.SH,20260608,1239.3,1298.88,1230.08,1250.36,1299.2,-48.84,-3.7592,114170.55,14376345.578
688256.SH,20260609,1279.0,1285.8,1239.02,1270.01,1250.36,19.65,1.5715,106731.85,13514130.551
688256.SH,20260610,1300.0,1349.9,1224.17,1231.0,1270.01,-39.01,-3.0716,138327.46,17771830.139
688256.SH,20260611,1221.96,1255.0,1199.0,1219.5,1231.0,-11.5,-0.9342,111819.93,13632001.124
688256.SH,20260612,1258.0,1260.0,1202.0,1240.0,1219.5,20.5,1.681,149765.97,18376258.023
688256.SH,20260615,1253.0,1345.99,1238.88,1335.0,1240.0,95.0,7.6613,154373.04,20204543.688
688256.SH,20260616,1335.5,1335.91,1297.79,1306.99,1335.0,-28.01,-2.0981,99671.79,13096230.889
688256.SH,20260617,1290.4,1329.87,1271.1,1320.0,1306.99,13.01,0.9954,133225.75,17255115.422
688256.SH,20260618,1319.72,1540.0,1313.2,1507.46,1320.0,187.46,14.2015,221694.16,32153278.755
688256.SH,20260622,1480.0,1494.94,1420.0,1456.99,1507.46,-50.47,-3.348,150356.73,21882369.235
688256.SH,20260623,1453.0,1506.0,1394.84,1413.0,1456.99,-43.99,-3.0192,138375.63,20001635.53
688256.SH,20260624,1402.0,1468.88,1378.0,1453.0,1413.0,40.0,2.8309,140656.44,20184662.912
688256.SH,20260625,1460.0,1536.25,1436.0,1505.0,1453.0,52.0,3.5788,159821.84,23799059.014
688256.SH,20260626,1482.0,1518.98,1415.0,1458.0,1505.0,-47.0,-3.1229,124352.36,18243658.225
688256.SH,20260629,1462.33,1541.94,1420.0,1482.0,1458.0,24.0,1.6461,151177.65,22434932.06
688256.SH,20260630,1488.41,1620.0,1488.37,1595.55,1482.0,113.55,7.6619,162216.28,25487017.441
688256.SH,20260701,1560.0,1588.97,1470.01,1485.33,1595.55,-110.22,-6.908,125802.4,19179504.251
688256.SH,20260702,1410.0,1448.66,1348.0,1372.0,1485.33,-113.33,-7.63,140564.28,19615355.231
688256.SH,20260703,1344.14,1412.0,1340.0,1353.0,1372.0,-19.0,-1.3848,101921.84,14021878.02
688256.SH,20260706,1383.0,1389.86,1291.0,1369.75,1353.0,16.75,1.238,103683.77,14045400.474
688256.SH,20260707,1355.0,1439.98,1346.06,1388.0,1369.75,18.25,1.3324,118753.32,16641769.701
688256.SH,20260708,1423.0,1479.31,1400.01,1413.55,1388.0,25.55,1.8408,117177.27,16775188.064
688256.SH,20260709,1442.7,1548.0,1393.0,1535.01,1413.55,121.46,8.5926,165449.02,24579250.089
688256.SH,20260710,1542.98,1569.97,1400.0,1400.0,1535.01,-135.01,-8.7954,131950.45,19901970.613
688256.SH,20260713,1421.4,1504.96,1363.0,1390.0,1400.0,-10.0,-0.7143,164763.72,23601713.85
688256.SH,20260714,1410.0,1425.98,1315.0,1411.0,1390.0,21.0,1.5108,136598.4,18832581.27
688256.SH,20260715,1420.0,1425.0,1334.0,1347.46,1411.0,-63.54,-4.5032,94702.5,12981052.461
688256.SH,20260716,1305.9,1357.77,1261.0,1279.22,1347.46,-68.24,-5.0643,132087.18,17259534.161
688256.SH,20260717,1268.0,1278.0,1156.0,1190.58,1279.22,-88.64,-6.9292,166501.26,20207709.79
688256.SH,20260720,1240.0,1278.53,1167.0,1209.0,1190.58,18.42,1.5471,161399.97,19752324.179
688256.SH,20260721,1260.0,1357.46,1208.0,1350.02,1209.0,141.02,11.6642,171843.83,22090557.774
688256.SH,20260722,1320.66,1382.8,1285.0,1310.0,1350.02,-40.02,-2.9644,132757.08,17766965.741
688256.SH,20260723,1336.0,1336.0,1233.0,1249.0,1310.0,-61.0,-4.6565,108612.25,13758460.664
688256.SH,20260724,1235.98,1265.0,1210.0,1225.0,1249.0,-24.0,-1.9215,85863.83,10630781.334
688256.SH,20260727,1239.0,1248.0,1180.0,1241.02,1225.0,16.02,1.3078,84936.39,10348113.108
688256.SH,20260728,1202.61,1226.0,1091.0,1128.0,1241.02,-113.02,-9.107,144421.71,16618447.772
688256.SH,20260729,1153.0,1166.66,1071.91,1146.9,1128.0,18.9,1.6755,142464.85,15992045.405
688256.SH,20260730,1115.0,1136.0,1010.83,1042.43,1146.9,-104.47,-9.1089,188604.03,19917927.252
688256.SH,20260731,1139.5,1179.5,1101.58,1106.0,1042.43,63.57,6.0983,162674.45,18552276.984
688256.SH,20260803,1100.0,1105.0,1015.0,1028.0,1106.0,-78.0,-7.0524,139771.38,14599925.22
688256.SH,20260804,1041.0,1097.87,1019.0,1078.21,1028.0,50.21,4.8842,176299.41,18603024.973
688256.SH,20260805,1088.0,1161.94,1080.01,1136.9,1078.21,58.69,5.4433,181931.48,20557102.477
688256.SH,20260806,1103.0,1185.0,1095.0,1168.15,1136.9,31.25,2.7487,124784.55,14303868.41
688256.SH,20260807,1168.15,1210.0,1145.02,1199.93,1168.15,31.78,2.7205,159489.22,18752905.26
688256.SH,20260810,1163.0,1213.0,1110.01,1124.0,1199.93,-75.93,-6.3279,207110.14,23751647.076
688256.SH,20260811,1100.0,1123.99,1070.0,1090.64,1124.0,-33.36,-2.968,134160.47,14751222.439
688256.SH,20260812,1095.98,1134.55,1092.0,1105.38,1090.64,14.74,1.3515,103077.38,11460557.563
688256.SH,20260813,1130.0,1170.0,1100.55,1105.5,1105.38,0.12,0.0109,129918.22,14834774.792
688256.SH,20260814,1119.99,1123.3,1072.5,1093.0,1105.5,-12.5,-1.1307,101316.68,11077385.737
688256.SH,20260817,1096.0,1156.68,1085.7,1156.0,1093.0,63.0,5.764,139991.52,15838555.864
688256.SH,20260818,1150.0,1170.0,1134.12,1162.5,1156.0,6.5,0.5623,108832.32,12569910.354
688256.SH,20260819,1130.56,1138.0,1038.39,1050.49,1162.5,-112.01,-9.6353,157463.96,17003021.919
688256.SH,20260820,1060.02,1068.9,995.0,1010.88,1050.49,-39.61,-3.7706,148553.7,15191095.235
688256.SH,20260821,999.98,1061.47,996.0,1035.0,1010.88,24.12,2.386,120332.93,12446848.997
688256.SH,20260824,1035.0,1039.0,950.0,969.05,1035.0,-65.95,-6.372,172805.61,16886554.338
688256.SH,20260825,970.0,1029.24,953.0,1010.48,969.05,41.43,4.2753,125719.75,12588517.79
688256.SH,20260826,1005.0,1036.85,1001.12,1020.0,1010.48,9.52,0.9421,97283.15,9952518.62
688256.SH,20260827,1045.5,1055.0,1033.18,1048.0,1020.0,28.0,2.7451,91384.37,9532759.814
688256.SH,20260828,1050.0,1090.71,1042.01,1046.63,1048.0,-1.37,-0.1307,108604.37,11636724.83
688256.SH,20260831,1015.5,1115.0,1015.0,1112.18,1046.63,65.55,6.263,121956.17,13143617.812
688256.SH,20260901,1112.18,1140.96,1100.0,1109.0,1112.18,-3.18,-0.2859,95979.23,10731344.641
688256.SH,20260902,1087.81,1130.0,1084.9,1108.0,1109.0,-1.0,-0.0902,77132.43,8524081.542
688256.SH,20260903,1126.0,1129.86,1085.0,1099.99,1108.0,-8.01,-0.7229,65098.88,7167392.161
688256.SH,20260904,1115.0,1120.0,1063.41,1072.0,1099.99,-27.99,-2.5446,82827.75,9047857.13
688256.SH,20260907,1077.75,1104.99,1050.0,1092.38,1072.0,20.38,1.9011,102029.39,11026357.487
688256.SH,20260908,1093.0,1100.5,1050.56,1058.99,1092.38,-33.39,-3.0566,86294.63,9288970.928
688256.SH,20260909,1067.0,1070.19,1045.99,1054.96,1058.99,-4.03,-0.3806,65453.01,6913648.256
688256.SH,20260910,1049.0,1058.9,1031.13,1043.84,1054.96,-11.12,-1.0541,56790.08,5938529.252
688256.SH,20260911,1020.99,1047.33,1006.0,1040.0,1043.84,-3.84,-0.3679,107648.29,11057459.706
688256.SH,20260914,1020.0,1048.98,998.88,1040.0,1040.0,0.0,0.0,83308.52,8547125.902
688256.SH,20260915,1045.0,1109.99,1040.02,1075.79,1040.0,35.79,3.4413,107298.52,11605192.827
688256.SH,20260916,1088.0,1148.88,1076.2,1136.01,1075.79,60.22,5.5977,133049.42,14966583.894
688256.SH,20260917,1130.0,1137.0,1103.52,1105.99,1136.01,-30.02,-2.6426,87103.57,9771031.628
688256.SH,20260918,1123.01,1154.79,1103.59,1113.14,1105.99,7.15,0.6465,119645.61,13514873.571
688256.SH,20260921,1123.94,1137.5,1101.0,1112.77,1113.14,-0.37,-0.0332,75413.06,8422021.095
688256.SH,20260922,1131.0,1145.0,1113.77,1121.0,1112.77,8.23,0.7396,86043.05,9710436.822
688256.SH,20260923,1121.0,1126.0,1100.56,1103.08,1121.0,-17.92,-1.5986,53642.19,5941319.933
688256.SH,20260924,1098.0,1126.0,1091.0,1091.48,1103.08,-11.6,-1.0516,65294.63,7211661.245
